"Hail ID","Date/Time","Duration","Latitude","Longitude","State","Hail size","Number of deaths","Number of injuries","...10"
2986,2010-11-13 15:00:00,0,-28.48,151.5,"QLD",2.4,NA,NA,NA
2996,2010-01-29 04:00:00,0,-27.33,152.16,"QLD",1.7,NA,NA,NA
2997,2010-01-29 05:00:00,0,-27.24,152.56,"QLD",2.1,NA,NA,NA
3047,2010-04-05 11:20:00,0,-25.5834,134.5667,"NT",6,NA,NA,NA
3053,2010-01-06 03:00:00,30,-33.7317,150.4512,"NSW",4,NA,NA,NA
3054,2010-01-14 07:10:00,10,-33.2817,149.1012,"NSW",3,NA,NA,NA
3055,2010-01-17 05:00:00,0,-29.7651,153.1178,"NSW",7,NA,NA,NA
3056,2010-01-27 04:00:00,0,-29.2817,152.9845,"NSW",4.3,NA,NA,NA
3057,2010-01-27 05:20:00,0,-28.7817,153.1678,"NSW",3,NA,NA,NA
3058,2010-01-27 05:00:00,0,-28.8484,153.0511,"NSW",3,NA,NA,NA
3059,2010-01-27 11:00:00,0,-30.9651,151.3511,"NSW",5,NA,NA,NA
3060,2010-01-27 05:30:00,0,-33.3817,149.8846,"NSW",4,NA,NA,NA
3061,2010-01-28 05:45:00,0,-33.6817,150.6012,"NSW",3.2,NA,NA,NA
3062,2010-01-28 05:45:00,0,-33.6984,150.5346,"NSW",2.9,NA,NA,NA
3063,2010-01-28 06:15:00,0,-34.4817,150.2679,"NSW",5,NA,NA,NA
3064,2010-01-28 05:30:00,15,-33.7151,150.4346,"NSW",3,NA,NA,NA
3065,2010-01-28 07:30:00,0,-31.2317,151.0178,"NSW",5.5,NA,NA,NA
3066,2010-01-28 08:20:00,0,-28.8484,153.0511,"NSW",4.3,NA,NA,NA
3068,2010-03-07 03:40:00,30,-35.5318,144.9347,"NSW",2,NA,NA,NA
3069,2010-03-28 04:30:00,30,-34.6556,150.2996,"NSW",0,NA,NA,NA
3075,2010-01-28 05:35:00,37,-32.0067,149.9846,"NSW",3,NA,NA,NA
3087,2010-01-01 08:00:00,0,-37.5151,145.2446,"VIC",2,NA,NA,NA
3088,2010-01-17 15:30:00,0,-37.8855,145.2942,"VIC",2,NA,NA,NA
3090,2010-02-26 04:00:00,0,-34.7182,143.1437,"VIC",1.9,NA,NA,NA
3091,2010-02-27 03:00:00,0,-36.8268,144.5848,"VIC",3,NA,NA,NA
3092,2010-03-06 03:15:00,0,-37.6838,144.5834,"VIC",4.3,NA,NA,NA
3093,2010-03-06 03:30:00,0,-37.6815,144.783,"VIC",2,NA,NA,NA
3095,2010-03-06 03:25:00,0,-37.721,144.7761,"VIC",2,NA,NA,NA
3101,2010-03-06 04:00:00,0,-37.7749,144.9153,"VIC",3.2,NA,NA,NA
3102,2010-03-06 04:15:00,0,-37.8809,145.1636,"VIC",4.3,NA,NA,NA
3103,2010-03-06 03:50:00,0,-37.7932,144.9382,"VIC",3,NA,NA,NA
3104,2010-03-06 04:10:00,0,-37.8316,145.2409,"VIC",4.5,NA,NA,NA
3105,2010-03-06 04:20:00,0,-37.8855,145.2942,"VIC",2.5,NA,NA,NA
3106,2010-03-06 04:30:00,0,-37.8855,145.2942,"VIC",10,NA,NA,NA
3107,2010-03-06 04:55:00,0,-36.9274,144.162,"VIC",2,NA,NA,NA
3108,2010-03-07 05:30:00,0,-36.0921,145.4416,"VIC",4,NA,NA,NA
3109,2010-04-11 08:20:00,0,-38.9104,145.9193,"VIC",2,NA,NA,NA
3128,2010-03-06 03:52:00,10,-37.7717,144.9937,"VIC",3,NA,NA,NA
3129,2010-03-06 04:05:00,5,-37.8577,145.3642,"VIC",3,NA,NA,NA
3130,2010-03-06 03:05:00,20,-37.8203,145.1537,"VIC",5,NA,NA,NA
3131,2010-03-06 04:00:00,20,-37.8776,145.1273,"VIC",4,NA,NA,NA
3132,2010-03-06 04:00:00,0,-37.8776,145.1273,"VIC",4.2,NA,NA,NA
3133,2010-03-06 04:30:00,0,-37.8727,145.3446,"VIC",7,NA,NA,NA
3134,2010-03-06 04:00:00,0,-37.8204,144.9958,"VIC",3,NA,NA,NA
3135,2010-03-06 04:00:00,0,-37.8784,145.0681,"VIC",2,NA,NA,NA
3136,2010-03-06 04:15:00,0,-37.8638,145.2856,"VIC",4.2,NA,NA,NA
3137,2010-03-06 04:10:00,0,-37.8776,145.1273,"VIC",4.5,NA,NA,NA
3138,2010-03-06 03:30:00,0,-37.8436,144.974,"VIC",6,NA,NA,NA
3139,2010-03-06 02:45:00,0,-37.1052,144.0956,"VIC",2,NA,NA,NA
3140,2010-03-06 03:30:00,0,-37.8776,145.1273,"VIC",3,NA,NA,NA
3141,2010-03-06 04:18:00,0,-37.8876,145.0793,"VIC",2,NA,NA,NA
3142,2010-03-06 03:30:00,0,-37.8036,144.9588,"VIC",3,NA,NA,NA
3143,2010-03-06 04:30:00,0,-37.8316,145.2409,"VIC",3.5,NA,NA,NA
3144,2010-03-06 04:15:00,0,-37.852,145.1075,"VIC",3,NA,NA,NA
3145,2010-03-06 03:40:00,0,-37.8792,145.0579,"VIC",4,NA,NA,NA
3146,2010-03-06 04:00:00,0,-37.8036,144.9588,"VIC",3,NA,NA,NA
3147,2010-03-06 04:00:00,0,-37.8631,145.0651,"VIC",5,NA,NA,NA
3148,2010-03-06 04:30:00,0,-37.8809,145.1636,"VIC",2,NA,NA,NA
3149,2010-03-06 03:50:00,0,-37.8809,145.1636,"VIC",2,NA,NA,NA
3150,2010-03-06 02:30:00,0,-37.8036,144.9588,"VIC",3,NA,NA,NA
3151,2010-03-06 04:30:00,0,-37.8944,145.3864,"VIC",4.2,NA,NA,NA
3152,2010-03-06 04:00:00,0,-37.8776,145.1273,"VIC",3,NA,NA,NA
3153,2010-03-06 03:15:00,0,-37.2494,144.4519,"VIC",2,NA,NA,NA
3154,2010-03-06 04:04:00,10,-37.8776,145.1273,"VIC",4.3,NA,NA,NA
3155,2010-03-06 03:45:00,4,-37.7285,144.9404,"VIC",2,NA,NA,NA
3156,2010-03-06 04:10:00,0,-37.8776,145.1273,"VIC",2.5,NA,NA,NA
3157,2010-03-06 04:00:00,0,-37.892,145.2463,"VIC",7.3,NA,NA,NA
3158,2010-03-06 04:10:00,0,-37.8809,145.1636,"VIC",4.5,NA,NA,NA
3162,2010-08-18 11:00:00,0,-36.2528,142.3947,"VIC",0,NA,NA,NA
3163,2010-08-18 11:00:00,0,-36.1131,141.6489,"VIC",2.9,NA,NA,NA
3164,2010-08-18 12:00:00,0,-35.8111,144.211,"VIC",1.7,NA,NA,NA
3166,2010-08-15 02:50:00,0,-33.7317,151.1346,"NSW",2,NA,NA,NA
3176,2010-03-22 15:30:00,150,-31.9364,115.8136,"WA",6,NA,NA,NA
3177,2010-03-22 15:30:00,0,-32.1219,115.8431,"WA",6,NA,NA,NA
3178,2010-03-22 15:30:00,0,-31.9183,115.8239,"WA",5.5,NA,NA,NA
3179,2010-03-22 15:30:00,0,-30.8586,119.7047,"WA",5,NA,NA,NA
3180,2010-03-22 15:30:00,0,-31.9289,115.8269,"WA",5,NA,NA,NA
3212,2011-02-28 08:15:00,55,-31.9652,141.4513,"NSW",1.2,NA,NA,NA
3213,2011-01-19 06:20:00,25,-30.6415,152.9906,"NSW",3.2,NA,NA,NA
3214,2010-10-22 05:16:00,0,-34.2234,150.9762,"NSW",3,NA,NA,NA
3215,2010-11-01 05:30:00,0,-32.6401,151.7484,"NSW",1.9,NA,NA,NA
3216,2010-11-08 05:24:00,0,-33.7151,150.7512,"NSW",2.4,NA,NA,NA
3217,2010-11-08 05:45:00,20,-34.1817,150.6012,"NSW",2,NA,NA,NA
3218,2010-11-08 06:20:00,0,-35.3,149.1333,"NSW",2,NA,NA,NA
3219,2010-11-08 06:38:00,0,-33.9651,150.8012,"NSW",4.3,NA,NA,NA
3220,2010-11-08 10:15:00,0,-33.5984,150.7679,"NSW",2,NA,NA,NA
3221,2010-11-08 05:50:00,0,-33.8984,150.9346,"NSW",3,NA,NA,NA
3222,2010-10-28 04:23:00,0,-27.6065,152.7758,"QLD",4,NA,NA,NA
3223,2010-12-15 06:20:00,0,-27.7659,153.1091,"QLD",2.5,NA,NA,NA
3224,2010-12-15 06:30:00,0,-27.6817,153.1886,"QLD",4.3,NA,NA,NA
3225,2010-12-15 06:30:00,0,-27.6776,153.1344,"QLD",5.5,NA,NA,NA
3226,2010-12-15 06:40:00,0,-27.7,153.1667,"QLD",6.7,NA,NA,NA
3227,2010-12-16 05:45:00,0,-27.5706,153.1241,"QLD",4.3,NA,NA,NA
3228,2010-12-16 06:45:00,0,-26.682,153.1177,"QLD",4.3,NA,NA,NA
3229,2010-12-16 08:40:00,0,-27.5537,152.0239,"QLD",4.3,NA,NA,NA
3230,2010-12-17,0,-27.5704,151.7155,"QLD",3,NA,NA,NA
3231,2010-12-17,0,-27.4634,151.9458,"QLD",2,NA,NA,NA
3232,2010-12-14 06:36:00,0,-35.1651,149.2512,"NSW",0,NA,NA,NA
3233,2010-12-16 03:00:00,0,-33.6317,151.3179,"NSW",2,NA,NA,NA
3234,2010-12-16 03:00:00,0,-33.9484,150.7512,"NSW",3.5,NA,NA,NA
3235,2010-12-16 08:00:00,0,-30.9817,151.5845,"NSW",4.5,NA,NA,NA
3236,2011-01-03 01:45:00,0,-33.4167,149.5807,"NSW",0,NA,NA,NA
3237,2011-01-03 06:32:00,0,-31.0817,150.9345,"NSW",3,NA,NA,NA
3238,2011-01-05 07:40:00,0,-35.3,149.1333,"NSW",4.3,NA,NA,NA
3239,2011-01-19 02:29:00,0,-30.4317,152.0345,"NSW",4.3,NA,NA,NA
3240,2011-01-19 07:20:00,0,-29.6484,152.8011,"NSW",0,NA,NA,NA
3241,2011-02-21,0,-27.5262,152.965,"QLD",1.9,NA,NA,NA
3242,2010-11-26 05:00:00,0,-37.6725,145.154,"VIC",0,NA,NA,NA
3243,2010-11-07 03:30:00,0,-37.0009,143.9158,"VIC",2,NA,NA,NA
3244,2010-11-07 04:45:00,0,-37.2979,144.2416,"VIC",0,NA,NA,NA
3245,2010-12-05 01:55:00,0,-37.346,144.1427,"VIC",2,NA,NA,NA
3246,2010-12-17 07:00:00,15,-38.0773,145.4779,"VIC",2,NA,NA,NA
3247,2011-01-22 06:00:00,0,-36.7967,147.525,"VIC",4.3,NA,NA,NA
3248,2010-09-09,0,-37.4091,142.4113,"VIC",3.5,NA,NA,NA
3249,2010-12-03 04:00:00,10,-38.5708,143.3289,"VIC",2,NA,NA,NA
3250,2011-05-03 05:30:00,0,-27.8723,153.3147,"QLD",2.4,NA,NA,NA
3251,2011-05-03 05:30:00,0,-27.9401,153.3177,"QLD",4.3,NA,NA,NA
3252,2011-05-30 08:20:00,0,-27.9156,152.9855,"QLD",2,NA,NA,NA
3253,2011-05-30 08:50:00,0,-27.9881,152.9958,"QLD",3.2,NA,NA,NA
3254,2011-05-30 09:45:00,0,-27.8301,153.0313,"QLD",3,NA,NA,NA
3255,2011-05-31 06:00:00,0,-27.5401,153.0677,"QLD",2.4,NA,NA,NA
3256,2011-05-31 06:00:00,0,-27.4734,153.0955,"QLD",2.9,NA,NA,NA
3258,2011-04-02 06:30:00,0,-29.6817,152.9345,"NSW",2.9,NA,NA,NA
3263,2011-05-30 06:30:00,0,-33.6984,151.2679,"NSW",0,NA,NA,NA
3274,2010-10-22 02:55:00,0,-33.6651,150.2846,"NSW",2.4,NA,NA,NA
3275,2010-10-22 04:25:00,0,-33.4518,150.5346,"NSW",0,NA,NA,NA
3330,2011-01-18 05:30:00,0,-30.6484,153.0011,"NSW",4,NA,NA,NA
3335,2010-08-18 12:00:00,0,-35.7323,143.9189,"VIC",0,NA,NA,NA
3342,2010-10-29 17:30:00,30,-25.8431,133.2929,"NT",4,0,0,NA
3343,2010-11-09 15:00:00,0,-19.6511,134.1897,"NT",4.3,0,0,NA
3344,2010-11-09 17:00:00,0,-19.6511,134.1897,"NT",4.3,0,0,NA
3345,2010-11-12 20:45:00,0,-25.0306,128.3,"WA",3.2,NA,NA,NA
3347,2011-08-30 06:20:00,0,-23.0834,148.0244,"QLD",2.9,NA,NA,NA
3348,2011-10-06 06:00:00,0,-23.9793,147.9503,"QLD",0,NA,NA,NA
3349,2011-10-06 06:00:00,0,-23.8568,148.125,"QLD",2,NA,NA,NA
3350,2011-10-06 06:00:00,0,-23.7676,148.1325,"QLD",2,NA,NA,NA
3351,2011-10-13 05:00:00,0,-27.6234,152.9677,"QLD",2,NA,NA,NA
3352,2011-10-13 05:20:00,0,-27.6723,152.8986,"QLD",2.4,NA,NA,NA
3353,2011-10-13 06:00:00,0,-21.849,146.6072,"QLD",4,NA,NA,NA
3354,2011-10-15 04:40:00,0,-28.1287,152.8161,"QLD",3,NA,NA,NA
3355,2011-10-15 05:20:00,0,-28.2115,152.8633,"QLD",4,NA,NA,NA
3356,2011-10-15 05:35:00,0,-27.9998,152.6816,"QLD",4.3,NA,NA,NA
3357,2011-10-15 05:45:00,0,-27.9881,152.9958,"QLD",2,NA,NA,NA
3358,2011-10-15 06:25:00,0,-27.9401,153.3177,"QLD",2.9,NA,NA,NA
3359,2011-10-15 06:30:00,0,-27.5426,152.9838,"QLD",1.9,NA,NA,NA
3360,2011-10-15 06:30:00,0,-27.5623,152.9761,"QLD",2,NA,NA,NA
3361,2011-10-15 06:30:00,0,-27.5673,152.5947,"QLD",4,NA,NA,NA
3362,2011-10-15 06:30:00,0,-26.2418,151.9414,"QLD",4,NA,NA,NA
3363,2011-10-15 06:55:00,0,-27.3667,153.0167,"QLD",2.4,NA,NA,NA
3364,2011-10-15 07:00:00,0,-27.35,152.9667,"QLD",4.3,NA,NA,NA
3365,2011-10-15 07:15:00,0,-27.3109,153.0177,"QLD",4.3,NA,NA,NA
3366,2011-10-15 07:30:00,0,-27.6234,152.9677,"QLD",4.3,NA,NA,NA
3367,2011-10-15 07:30:00,0,-27.3192,153.0344,"QLD",5,NA,NA,NA
3368,2011-10-26 10:50:00,0,-28.2081,151.5656,"QLD",3,NA,NA,NA
3374,2011-10-30 08:00:00,0,-28.2154,152.0353,"QLD",2,NA,NA,NA
3602,2011-12-12,30,-28.0365,148.5798,"QLD",0,NA,NA,NA
3742,2011-08-30 05:00:00,0,-28.854,152.5164,"NSW",3,NA,NA,NA
3743,2011-09-25 05:00:00,0,-28.8317,153.5345,"NSW",5,NA,NA,NA
3744,2011-10-15 06:18:00,0,-28.3317,153.3845,"NSW",2.1,NA,NA,NA
3745,2011-10-30 07:30:00,0,-29.0984,152.9511,"NSW",4.3,NA,NA,NA
3746,2011-11-12 03:40:00,0,-30.4317,152.0345,"NSW",4,NA,NA,NA
3747,2011-11-29 07:30:00,0,-35.2333,149.0167,"NSW",3,NA,NA,NA
3748,2011-09-28 02:30:00,0,-34.1569,141.157,"VIC",4.3,NA,NA,NA
3749,2011-09-28 03:40:00,0,-35.069,142.3161,"VIC",2.5,NA,NA,NA
3750,2011-09-28 02:30:00,0,-36.3818,145.4024,"VIC",0,NA,NA,NA
3751,2011-10-22 04:10:00,20,-37.5615,143.853,"VIC",3,NA,NA,NA
3752,2011-11-09 08:15:00,5,-38.0773,145.4779,"VIC",3,NA,NA,NA
3753,2011-11-10 06:20:00,0,-38.4273,145.82,"VIC",5,NA,NA,NA
3754,2011-12-24 06:30:00,0,-37.8398,146.2726,"VIC",1.9,NA,NA,NA
3755,2011-12-24 07:00:00,0,-37.7834,145.6111,"VIC",2.4,NA,NA,NA
3756,2011-12-24 08:00:00,0,-37.8982,146.0048,"VIC",2,NA,NA,NA
3757,2011-12-25 04:40:00,0,-37.7305,144.9007,"VIC",2,NA,NA,NA
3758,2011-12-25 04:49:00,0,-37.9017,144.6627,"VIC",0,NA,NA,NA
3759,2011-12-25 06:05:00,0,-37.6572,144.2306,"VIC",4,NA,NA,NA
3760,2011-12-25 06:23:00,0,-37.7285,144.6534,"VIC",4.3,NA,NA,NA
3761,2011-12-25 04:30:00,0,-37.721,144.7761,"VIC",4.3,NA,NA,NA
3762,2011-12-25 07:48:00,0,-37.6604,145.3731,"VIC",2.5,NA,NA,NA
3763,2011-12-25 06:10:00,20,-37.6725,145.154,"VIC",5,NA,NA,NA
3764,2011-12-25 06:10:00,20,-37.7258,145.1347,"VIC",2,NA,NA,NA
3765,2011-12-25 06:30:00,0,-37.6604,145.3731,"VIC",5,NA,NA,NA
3766,2011-12-25 04:30:00,0,-37.6888,144.7419,"VIC",6,NA,NA,NA
3767,2011-12-25 04:40:00,0,-37.7087,144.7947,"VIC",6.7,NA,NA,NA
3768,2011-12-25 04:45:00,0,-37.7396,144.9809,"VIC",2,NA,NA,NA
3769,2011-12-25 04:45:00,0,-37.7377,144.8029,"VIC",4.3,NA,NA,NA
3770,2011-12-25 04:45:00,0,-37.7685,144.9598,"VIC",4,NA,NA,NA
3771,2012-04-22 07:13:00,8,-38.0422,145.3476,"VIC",2.2,NA,NA,NA
3772,2012-04-22 08:15:00,0,-36.3948,146.4469,"VIC",2,NA,NA,NA
3773,2011-12-12 06:00:00,0,-28.8317,153.5345,"NSW",3,NA,NA,NA
3774,2012-01-20 04:45:00,0,-35.9484,149.1512,"NSW",3,NA,NA,NA
3775,2012-02-13 03:30:00,0,-33.6317,150.2846,"NSW",2.5,NA,NA,NA
3776,2012-02-13 04:00:00,0,-31.2315,147.6287,"NSW",2.8,NA,NA,NA
3777,2012-02-18 06:24:00,0,-32.2567,148.6012,"NSW",2,NA,NA,NA
3778,2012-02-18 08:41:00,0,-35.1833,149.1,"NSW",3,NA,NA,NA
3779,2012-02-19 08:08:00,0,-34.5592,150.3823,"NSW",4.3,NA,NA,NA
3780,2012-02-20 11:40:00,0,-29.0817,153.4345,"NSW",4.3,NA,NA,NA
3781,2011-11-12 03:30:00,8,-30.3817,152.5845,"NSW",6,NA,NA,NA
3782,2011-11-11 06:30:00,0,-37.5615,143.853,"VIC",4.3,NA,NA,NA
3783,2012-12-19 05:10:00,0,-42.882,147.323,"TAS",2.5,NA,NA,NA
3784,2012-04-23 03:30:00,10,-41.179,146.486,"TAS",2,NA,NA,NA
3785,2011-07-30 17:25:00,0,-34.0871,140.8821,"SA",4,NA,NA,NA
3786,2011-07-30 17:25:00,0,-34.179,140.785,"SA",4,NA,NA,NA
3787,2012-10-22 06:30:00,0,-36.7507,144.0457,"VIC",3.5,NA,NA,NA
3788,2011-11-08,0,-34.1794,139.9748,"SA",0,NA,NA,NA
3790,2011-12-17,0,-33.0594,137.5154,"SA",4.3,NA,NA,NA
3791,2011-12-17,0,-33.1392,136.4198,"SA",4.3,NA,NA,NA
3792,2010-10-14,0,-34.3875,139.9139,"SA",1.9,NA,NA,NA
3793,2010-10-14,0,-34.7195,140.7301,"SA",1.9,NA,NA,NA
3794,2010-11-26 15:00:00,0,-34.1758,139.0841,"SA",4.3,NA,NA,NA
3795,2010-12-05,0,-34.6011,138.8909,"SA",4.3,NA,NA,NA
3796,2010-12-07,0,-34.8121,138.6862,"SA",1.7,NA,NA,NA
3797,2012-07-12 12:00:00,0,-33.3403,115.6419,"WA",2.1,NA,NA,NA
3798,2011-02-16,0,-37.5638,140.7014,"SA",1.7,NA,NA,NA
3799,2011-02-16,0,-37.8241,140.7798,"SA",1.7,NA,NA,NA
3800,2011-10-23 16:00:00,0,-23.8045,133.9037,"NT",0,NA,NA,NA
3881,2012-11-07 05:20:00,0,-24.14,134.38,"NT",4.3,NA,NA,NA
3882,2012-02-13 14:14:00,0,-27.9881,152.9958,"QLD",3.5,NA,NA,NA
3883,2012-10-14 20:02:00,0,-28.7984,153.2678,"NSW",4.3,NA,NA,NA
3884,2012-11-23 08:40:00,0,-26.1206,149.9631,"QLD",3,NA,NA,NA
3885,2012-11-23 09:10:00,0,-26.7384,150.6283,"QLD",4,NA,NA,NA
3886,2012-11-22 05:30:00,0,-27.6315,152.3939,"QLD",4.3,NA,NA,NA
3887,2012-11-22 07:20:00,0,-27.6315,152.3939,"QLD",2,NA,NA,NA
3888,2012-11-22 07:50:00,0,-26.8412,151.9841,"QLD",2,NA,NA,NA
3889,2012-11-22 05:30:00,0,-26.6709,152.0003,"QLD",5,NA,NA,NA
3890,2012-11-19 19:48:00,0,-23.7145,149.6708,"QLD",4.3,NA,NA,NA
3891,2012-11-19 06:00:00,0,-25.2365,152.2774,"QLD",2,NA,NA,NA
3892,2012-11-18,0,-27.5562,152.9214,"QLD",4.3,NA,NA,NA
3893,2012-11-18 06:50:00,0,-27.9998,152.6816,"QLD",9,NA,NA,NA
3894,2012-11-18 04:00:00,0,-25.5115,152.0461,"QLD",6,NA,NA,NA
3895,2012-11-18 08:15:00,0,-26.959,152.9572,"QLD",4,NA,NA,NA
3896,2012-11-18 04:40:00,0,-26.959,152.9572,"QLD",4,NA,NA,NA
3897,2012-11-18 04:20:00,0,-27.0851,152.9513,"QLD",3,NA,NA,NA
3898,2012-11-18 07:25:00,0,-27.6717,152.9189,"QLD",2,NA,NA,NA
3899,2012-11-18 03:40:00,0,-27.6817,152.9816,"QLD",3,NA,NA,NA
3900,2012-11-18 03:45:00,0,-26.7776,151.1108,"QLD",4,NA,NA,NA
3901,2012-11-18 03:10:00,0,-27.6495,152.7402,"QLD",3,NA,NA,NA
3902,2012-11-18 07:30:00,0,-27.6145,152.7608,"QLD",6,NA,NA,NA
3903,2012-11-18 06:45:00,0,-27.9998,152.6816,"QLD",9,NA,NA,NA
3904,2012-11-18 07:00:00,0,-27.6304,152.6997,"QLD",2,NA,NA,NA
3905,2012-11-18 07:40:00,0,-27.6723,152.8986,"QLD",3.5,NA,NA,NA
3906,2012-11-18 07:53:00,0,-27.4937,152.9297,"QLD",4.3,NA,NA,NA
3907,2012-11-18 08:00:00,0,-27.4817,152.99,"QLD",6.7,NA,NA,NA
3908,2012-11-18 08:00:00,0,-27.4417,152.9833,"QLD",2,NA,NA,NA
3909,2012-08-23 06:15:00,0,-37.777,145.0901,"VIC",0.8,NA,NA,NA
3911,2012-11-30 11:00:00,0,-37.5604,143.8575,"VIC",11,NA,NA,NA
3912,2012-11-18 08:30:00,0,-27.45,153.0583,"QLD",3,NA,NA,NA
3913,2012-11-17 10:15:00,0,-27.434,151.7211,"QLD",4,NA,NA,NA
3914,2012-11-18 08:39:00,0,-27.5942,152.9719,"QLD",4,NA,NA,NA
3915,2012-11-18 09:05:00,0,-27.6517,152.8475,"QLD",5,NA,NA,NA
3916,2012-11-18 09:09:00,0,-27.5615,152.9094,"QLD",6,NA,NA,NA
3917,2012-11-18 09:24:00,0,-27.35,152.9667,"QLD",3,NA,NA,NA
3918,2012-11-17 06:40:00,0,-27.879,151.2683,"QLD",4,NA,NA,NA
3919,2012-11-17 07:30:00,0,-27.7581,151.4467,"QLD",6,NA,NA,NA
3920,2012-11-17 07:35:00,0,-27.7162,151.6333,"QLD",10,NA,NA,NA
3921,2012-11-17 10:15:00,0,-27.3048,151.8519,"QLD",4,NA,NA,NA
3922,2012-11-03 10:15:00,0,-24.1162,148.0886,"QLD",2.2,NA,NA,NA
3923,2012-12-18 06:50:00,0,-27.9326,151.9055,"QLD",3,NA,NA,NA
3924,2012-12-18 06:30:00,0,-27.5612,152.2755,"QLD",4.3,NA,NA,NA
3925,2012-12-18 06:30:00,0,-27.6315,152.3939,"QLD",2.5,NA,NA,NA
3926,2012-12-18 06:55:00,0,-27.6315,152.3939,"QLD",3.2,NA,NA,NA
3927,2012-02-13,0,-28.1956,152.2114,"QLD",4.3,NA,NA,NA
3928,2013-01-19,0,-28.2154,152.0353,"QLD",1.7,NA,NA,NA
3929,2012-08-23 07:15:00,0,-30.3317,149.7678,"NSW",5,NA,NA,NA
3930,2012-10-14 06:50:00,0,-28.8817,153.3178,"NSW",3,NA,NA,NA
3931,2012-11-24 00:05:00,0,-29.4565,151.9411,"NSW",2.1,NA,NA,NA
3932,2012-12-03 04:00:00,10,-31.1095,150.9147,"NSW",2,NA,NA,NA
3933,2012-12-03 04:37:00,0,-31.0817,150.9345,"NSW",7.2,NA,NA,NA
3934,2012-12-28 06:10:00,0,-32.7317,152.0345,"NSW",3,NA,NA,NA
3935,2012-12-28 07:00:00,15,-32.4484,152.5511,"NSW",2.4,NA,NA,NA
3936,2013-02-01 03:20:00,0,-33.5817,150.2512,"NSW",4.3,NA,NA,NA
3937,2013-02-15 02:35:00,20,-35.5652,148.0846,"NSW",4,NA,NA,NA
3938,2012-11-09 02:05:00,20,-33.8901,150.9096,"NSW",3,NA,NA,NA
3939,2013-04-16 13:35:00,0,-32.3492,147.1037,"NSW",2.4,NA,NA,NA
3940,2010-11-19,0,-34.2406,116.1461,"WA",0,NA,NA,NA
3941,2010-11-29,0,-22.66,114.18,"WA",1.7,NA,NA,NA
3942,2012-07-12,0,-34.5799,138.9253,"SA",2,NA,NA,NA
3943,2011-10-08 22:00:00,0,-32.0464,115.9183,"WA",3,NA,NA,NA
3944,2011-10-12 05:48:00,0,-32.9803,121.6447,"WA",3.8,NA,NA,NA
3945,2011-10-22 03:50:00,0,-17.9269,124.8119,"WA",0,NA,NA,NA
3946,2013-05-20,0,-36.3101,140.7719,"SA",2,NA,NA,NA
3947,2013-10-29 03:10:00,10,-31.1488,150.9833,"NSW",4,NA,NA,NA
3948,2013-11-11 04:30:00,30,-30.37,153.1,"NSW",3,NA,NA,NA
3949,2013-11-15 10:30:00,12,-33.92,151.23,"NSW",2,NA,NA,NA
3950,2013-11-16 02:15:00,20,-30.8397,153.0363,"NSW",4,NA,NA,NA
3951,2013-11-16 02:30:00,20,-30.37,153.1,"NSW",6,NA,NA,NA
3952,2013-10-08 04:00:00,10,-28.865,153.535,"NSW",3,NA,NA,NA
3953,2013-10-29 02:10:00,0,-31.433,152.865,"NSW",3,NA,NA,NA
3954,2013-10-29 02:10:00,0,-31.465,152.919,"NSW",4.3,NA,NA,NA
3955,2013-10-29 03:30:00,0,-31.234,151.02,"NSW",3.5,NA,NA,NA
3956,2013-11-10 04:40:00,20,-28.864,153.046,"NSW",4.3,NA,NA,NA
3957,2013-11-11 03:00:00,0,-30.453,152.897,"NSW",2,NA,NA,NA
3958,2013-11-11 12:15:00,15,-34.48,150.418,"NSW",2,NA,NA,NA
3960,2013-11-13 02:30:00,10,-30.643,153.003,"NSW",3.2,NA,NA,NA
3961,2013-11-13 02:40:00,10,-30.592,153.005,"NSW",4.3,NA,NA,NA
3962,2013-11-13 03:20:00,10,-30.455,152.896,"NSW",2.1,NA,NA,NA
3963,2013-11-14 04:20:00,20,-28.842,153.439,"NSW",4.3,NA,NA,NA
3964,2013-11-15 06:30:00,0,-33.06,150.86,"NSW",6.7,NA,NA,NA
3965,2013-11-16 02:10:00,0,-28.854,152.5164,"NSW",3,NA,NA,NA
3966,2013-11-16 02:15:00,0,-30.4484,152.9011,"NSW",4.3,NA,NA,NA
3967,2013-11-16 02:20:00,0,-30.4484,152.9011,"NSW",8,NA,NA,NA
3968,2013-11-16 02:40:00,20,-30.3151,153.1178,"NSW",4,NA,NA,NA
3969,2013-11-16 03:10:00,20,-28.6151,153.0011,"NSW",4,NA,NA,NA
3970,2013-11-16 03:10:00,20,-30.7151,150.7178,"NSW",4,NA,NA,NA
3971,2013-12-11 04:25:00,0,-29.6817,152.9345,"NSW",4,NA,NA,NA
3972,2013-12-11 06:10:00,15,-30.1151,153.2011,"NSW",2.5,NA,NA,NA
3973,2013-12-14 03:20:00,0,-30.6317,152.8642,"NSW",4,NA,NA,NA
3974,2013-12-14 03:30:00,0,-30.4484,152.9011,"NSW",2,NA,NA,NA
3975,2013-12-14 03:30:00,0,-31.5984,152.4678,"NSW",7,NA,NA,NA
3976,2012-01-04 06:00:00,0,-29.2625,117.6847,"WA",3,NA,NA,NA
3977,2014-03-08 09:00:00,0,-34.7817,149.2679,"NSW",3,NA,NA,NA
3978,2013-10-26 17:00:00,0,-12.3828,130.8486,"NT",0,NA,NA,NA
3979,2014-03-22 04:10:00,10,-34.5817,150.7762,"NSW",3.2,NA,NA,NA
3980,2014-03-22 04:45:00,10,-34.2984,150.5846,"NSW",2.5,NA,NA,NA
3981,2014-03-22 07:20:00,0,-34.0151,151.0179,"NSW",4.3,NA,NA,NA
3983,2014-03-30 09:00:00,0,-33.7817,150.7679,"NSW",4.3,NA,NA,NA
3984,2014-04-24 16:00:00,0,-32.4484,152.2011,"NSW",5,NA,NA,NA
3986,2014-03-16 09:00:00,0,-30.5151,151.665,"NSW",2.4,NA,NA,NA
3987,2014-04-25 06:15:00,10,-30.7595,151.6652,"NSW",0,NA,NA,NA
3989,2013-12-14 02:15:00,20,-30.5916,152.9399,"NSW",4,NA,NA,NA
3990,2014-03-22 07:20:00,0,-34.0651,151.0179,"NSW",2.4,NA,NA,NA
3991,2013-11-12 02:45:00,10,-33.54,150.69,"NSW",2,NA,NA,NA
3992,2014-06-28 03:50:00,0,-31.33,151.05,"NSW",3.5,NA,NA,NA
3993,2013-09-21 12:30:00,10,-36.7426,142.194,"VIC",2,NA,NA,NA
3994,2013-10-22 08:00:00,5,-36.0022,146.5429,"VIC",2,NA,NA,NA
3995,2012-05-13 06:40:00,0,-35.0175,117.8839,"WA",2,NA,NA,NA
3996,2012-11-24 09:30:00,0,-30.6375,116.01,"WA",2.9,NA,NA,NA
3997,2013-06-09,0,-35.0175,117.8839,"WA",4.3,NA,NA,NA
3998,2014-09-02 04:45:00,5,-30.8651,153.0845,"NSW",2,NA,NA,NA
3999,2014-09-16 03:00:00,0,-34.1817,150.6012,"NSW",4.3,NA,NA,NA
4000,2014-09-27 05:55:00,0,-28.9317,153.1678,"NSW",2.9,NA,NA,NA
4001,2014-09-27 06:25:00,0,-28.6151,153.0011,"NSW",2.5,NA,NA,NA
4002,2014-10-12 20:40:00,25,-33.0984,148.8512,"NSW",2.5,NA,NA,NA
4003,2014-10-13 06:05:00,5,-29.7484,153.0345,"NSW",2,NA,NA,NA
4004,2014-10-14 01:30:00,0,-30.0984,153.1511,"NSW",3,NA,NA,NA
4005,2014-10-23 06:20:00,10,-28.854,152.5164,"NSW",2,NA,NA,NA
4006,2014-11-05 02:55:00,10,-32.2484,148.6012,"NSW",2,NA,NA,NA
4007,2014-11-05 04:00:00,0,-33.6067,150.8096,"NSW",2.9,NA,NA,NA
4008,2014-11-05 03:45:00,0,-33.6256,150.8932,"NSW",4,NA,NA,NA
4009,2014-11-05 04:45:00,0,-33.7484,150.7512,"NSW",2.4,NA,NA,NA
4010,2014-11-05 04:50:00,0,-32.9151,151.6178,"NSW",2.9,NA,NA,NA
4011,2014-11-05 04:00:00,0,-31.5984,152.4678,"NSW",5,NA,NA,NA
4012,2014-11-22 06:00:00,0,-34.1721,142.2486,"NSW",0,NA,NA,NA
4013,2014-12-01 03:00:00,0,-33.6984,149.8679,"NSW",2.9,NA,NA,NA
4014,2014-12-01 03:15:00,0,-36.0652,146.9347,"NSW",3,NA,NA,NA
4015,2014-12-03 04:30:00,10,-34.4484,150.4512,"NSW",3,NA,NA,NA
4016,2014-12-04 05:57:00,0,-35.3333,149.1667,"NSW",3.2,NA,NA,NA
4017,2014-12-04 07:27:00,0,-35.1152,147.3679,"NSW",2,NA,NA,NA
4018,2014-12-04 07:40:00,0,-33.6984,149.8679,"NSW",2.9,NA,NA,NA
4019,2014-12-07 04:20:00,0,-33.7026,151.1123,"NSW",2,NA,NA,NA
4020,2014-12-07 04:25:00,0,-33.7234,151.0929,"NSW",3,NA,NA,NA
4021,2014-12-07 04:30:00,0,-33.7484,151.1512,"NSW",2,NA,NA,NA
4022,2014-12-07 05:00:00,0,-33.7317,151.1346,"NSW",5,NA,NA,NA
4023,2014-12-09 06:00:00,0,-28.3317,153.3845,"NSW",4.3,NA,NA,NA
4024,2014-12-09,0,-28.3317,153.3845,"NSW",5.5,NA,NA,NA
4025,2014-12-10 05:20:00,0,-32.9651,150.6679,"NSW",10,NA,NA,NA
4026,2014-10-22,0,-33.8333,116.3906,"WA",2.9,NA,NA,NA
4027,2014-12-08 04:47:00,0,-32.6817,151.7845,"NSW",2,NA,NA,NA
4028,2014-12-23 02:00:00,0,-33.5567,151.2179,"NSW",2.5,NA,NA,NA
4029,2014-12-25 03:25:00,0,-33.8317,148.6512,"NSW",4,NA,NA,NA
4030,2015-01-19 09:36:00,0,-29.6651,151.6845,"NSW",2.5,NA,NA,NA
4031,2015-02-02,0,-31.8364,115.8917,"WA",1.7,NA,NA,NA
4032,2015-02-03 08:00:00,0,-20.6906,116.695,"WA",2,NA,NA,NA
4033,2015-01-31 01:40:00,0,-30.0957,153.1972,"NSW",4.3,NA,NA,NA
4034,2015-01-31 01:00:00,0,-30.2042,153.1485,"NSW",3,NA,NA,NA
4036,2015-02-01 01:00:00,0,-32.0873,152.3748,"NSW",2,NA,NA,NA
4037,2015-02-26 07:50:00,0,-31.6061,152.4669,"NSW",3,NA,NA,NA
4038,2015-02-26 07:20:00,0,-32.2637,150.889,"NSW",3.2,NA,NA,NA
4039,2015-03-01 04:00:00,0,-34.0531,150.6984,"NSW",2.9,NA,NA,NA
4040,2015-03-11 06:25:00,0,-34.2918,150.5813,"NSW",3,NA,NA,NA
4041,2015-03-12 07:35:00,0,-33.692,150.5458,"NSW",4.3,NA,NA,NA
4042,2015-03-12 07:50:00,0,-33.6352,150.2846,"NSW",2.5,NA,NA,NA
4043,2015-03-12 08:30:00,0,-32.93,150.7,"NSW",5,NA,NA,NA
4044,2015-03-21 06:10:00,0,-30.4218,149.8546,"NSW",10,NA,NA,NA
4045,2015-04-06 05:18:00,0,-32.9419,151.7677,"NSW",2,NA,NA,NA
4047,2015-04-25 04:13:00,0,-33.68,150.29,"NSW",2.5,NA,NA,NA
4049,2014-02-26 04:25:00,5,-36.7967,147.525,"VIC",2.4,NA,NA,NA
4050,2014-09-09 05:30:00,0,-37.8142,145.2255,"VIC",3.8,NA,NA,NA
4051,2014-09-09 05:30:00,0,-37.8396,145.2612,"VIC",3.8,NA,NA,NA
4052,2014-10-13 07:30:00,10,-36.6881,147.1444,"VIC",2.1,NA,NA,NA
4053,2014-12-01,0,-36.7019,146.9109,"VIC",3.2,NA,NA,NA
4054,2014-12-01,0,-36.1211,146.8844,"VIC",3.2,NA,NA,NA
4055,2014-12-03,0,-34.1288,142.0042,"VIC",2.1,NA,NA,NA
4056,2014-12-06 02:30:00,30,-36.3227,146.2814,"VIC",2.5,NA,NA,NA
4057,2014-12-01 03:00:00,0,-36.5222,146.4974,"VIC",2.2,NA,NA,NA
4058,2014-12-16 02:12:00,30,-42.89,147.33,"TAS",2.5,NA,NA,NA
4061,2014-12-16 05:54:00,152,-42.89,147.33,"TAS",2.5,NA,NA,NA
4062,2011-12-19 05:25:00,0,-42.89,147.33,"TAS",0,NA,NA,NA
4063,2012-11-09,0,-42.9,147.442,"TAS",0,NA,NA,NA
4064,2012-11-09 00:25:00,0,-42.98,147.316,"TAS",0,NA,NA,NA
4065,2015-10-10 07:00:00,0,-38.0422,145.3476,"VIC",2.1,NA,NA,NA
4066,2015-08-24 11:30:00,0,-33.7151,149.8346,"NSW",2.1,NA,NA,NA
4067,2015-09-17 01:55:00,0,-32.7442,151.5872,"NSW",4.3,NA,NA,NA
4068,2015-09-17 02:17:00,0,-32.7651,151.7345,"NSW",1.9,NA,NA,NA
4069,2015-09-30 06:13:00,0,-32.0151,151.9345,"NSW",2.1,NA,NA,NA
4070,2015-10-11 04:30:00,90,-31.5984,152.4678,"NSW",2.5,NA,NA,NA
4071,2015-10-31 05:30:00,0,-36.3712,144.2301,"VIC",4,NA,NA,NA
4072,2015-10-31 06:50:00,0,-36.1023,144.6865,"VIC",4.3,NA,NA,NA
4073,2015-12-08 03:20:00,0,-36.3846,145.4045,"VIC",4.3,NA,NA,NA
4074,2015-10-31 04:00:00,0,-36.8596,143.7325,"VIC",4.3,NA,NA,NA
4075,2015-06-21,0,-33.6931,115.0375,"WA",1,NA,NA,NA
4078,2015-10-25,0,-31.2272,119.3267,"WA",0,NA,NA,NA
4079,2013-04-17 06:50:00,0,-26.1901,152.6655,"QLD",2,NA,NA,NA
4080,2013-09-17 02:10:00,0,-27.9726,153.1977,"QLD",2.5,NA,NA,NA
4081,2013-09-17 02:10:00,0,-27.9167,153.3,"QLD",3,NA,NA,NA
4082,2013-09-22 05:00:00,0,-24.952,152.0608,"QLD",2,NA,NA,NA
4083,2013-09-22 05:30:00,0,-25.2651,152.3761,"QLD",6,NA,NA,NA
4084,2013-09-22 05:50:00,0,-25.2365,152.2774,"QLD",7,NA,NA,NA
4085,2013-09-29 04:30:00,0,-26.1901,152.6655,"QLD",2,NA,NA,NA
4086,2013-09-29 04:45:00,0,-26.1583,152.8347,"QLD",3,NA,NA,NA
4087,2013-10-03 05:45:00,0,-24.3273,151.5586,"QLD",2.4,NA,NA,NA
4088,2013-10-03 07:45:00,0,-23.3781,150.5136,"QLD",2.4,NA,NA,NA
4089,2013-10-18 04:05:00,0,-27.434,151.7211,"QLD",2.4,NA,NA,NA
4090,2013-10-29 06:50:00,0,-26.6709,152.0003,"QLD",2.9,NA,NA,NA
4091,2013-11-01 04:13:00,0,-22.2757,148.0458,"QLD",5.3,NA,NA,NA
4092,2013-11-01 05:40:00,0,-23.2021,148.2694,"QLD",7.3,NA,NA,NA
4093,2013-11-10 04:10:00,0,-27.6734,153.0969,"QLD",4.3,NA,NA,NA
4094,2013-11-10 04:25:00,0,-27.6776,153.1344,"QLD",4,NA,NA,NA
4095,2013-11-11 08:30:00,0,-28.6548,151.935,"QLD",4.3,NA,NA,NA
4096,2013-11-13,0,-27.5612,152.2755,"QLD",4,NA,NA,NA
4097,2013-11-13,0,-27.5612,152.2755,"QLD",4.3,NA,NA,NA
4098,2013-11-13,0,-27.5592,151.9536,"QLD",3,NA,NA,NA
4099,2013-11-13 06:06:00,0,-27.6315,152.3939,"QLD",4.3,NA,NA,NA
4100,2013-11-15 07:10:00,0,-25.9345,152.638,"QLD",6.7,NA,NA,NA
4101,2013-11-15 03:50:00,0,-26.1901,152.6655,"QLD",4.3,NA,NA,NA
4102,2013-11-16 03:20:00,0,-27.7465,153.0302,"QLD",9.7,NA,NA,NA
4103,2013-11-16 03:06:00,0,-26.5834,153.0955,"QLD",6.7,NA,NA,NA
4104,2013-11-16 03:00:00,0,-26.6554,153.0933,"QLD",7.2,NA,NA,NA
4105,2013-11-16 02:20:00,0,-26.7581,152.8513,"QLD",6.7,NA,NA,NA
4106,2013-11-16 04:55:00,0,-25.9076,153.0888,"QLD",4,NA,NA,NA
4107,2013-11-16 04:05:00,0,-26.7654,152.9613,"QLD",9,NA,NA,NA
4108,2013-11-16 03:35:00,0,-27.7154,152.9511,"QLD",5,NA,NA,NA
4109,2013-11-16 03:20:00,0,-27.7154,152.9511,"QLD",4,NA,NA,NA
4110,2013-11-16 03:00:00,0,-26.6234,153.0927,"QLD",9,NA,NA,NA
4111,2016-01-03 03:00:00,0,-36.7756,144.2593,"VIC",2,NA,NA,NA
4112,2016-01-22 06:00:00,0,-35.7303,142.3623,"VIC",3.2,NA,NA,NA
4113,2013-11-18 05:45:00,0,-27.9401,153.3177,"QLD",4.3,NA,NA,NA
4114,2013-11-18 06:00:00,0,-27.8723,153.3147,"QLD",7.4,NA,NA,NA
4115,2013-11-18 06:30:00,0,-27.4484,153.0122,"QLD",2.4,NA,NA,NA
4116,2013-11-18 06:30:00,0,-27.3667,152.8667,"QLD",4,NA,NA,NA
4117,2013-11-18 06:00:00,0,-27.9167,153.3,"QLD",4,NA,NA,NA
4118,2013-11-18 05:20:00,0,-28.0195,153.1652,"QLD",4,NA,NA,NA
4119,2013-11-18 05:05:00,0,-27.9881,152.9958,"QLD",3,NA,NA,NA
4120,2013-11-18 05:00:00,0,-26.5606,152.9563,"QLD",4.3,NA,NA,NA
4121,2013-11-23 06:00:00,0,-28.4162,151.08,"QLD",2,NA,NA,NA
4122,2013-11-23 06:30:00,0,-27.6229,152.7336,"QLD",2,NA,NA,NA
4123,2013-11-23 07:20:00,0,-28.1615,151.6975,"QLD",4.3,NA,NA,NA
4124,2013-11-24 07:00:00,0,-27.6317,153.1552,"QLD",3,NA,NA,NA
4125,2013-11-24 04:30:00,0,-27.4484,153.1302,"QLD",4.3,NA,NA,NA
4126,2013-11-24 04:10:00,0,-27.4512,153.1538,"QLD",4.3,NA,NA,NA
4127,2013-11-13 02:25:00,0,-27.5848,151.9911,"QLD",2.4,NA,NA,NA
4128,2013-11-12 04:30:00,0,-27.7168,150.3703,"QLD",2,NA,NA,NA
4129,2013-12-13 04:00:00,0,-27.6776,153.0594,"QLD",3,NA,NA,NA
4130,2013-12-14 07:40:00,0,-27.9998,152.6816,"QLD",4.5,NA,NA,NA
4131,2013-12-14 06:40:00,0,-28.2795,152.705,"QLD",4.3,NA,NA,NA
4132,2013-12-16 06:40:00,0,-28.4895,151.9708,"QLD",4,NA,NA,NA
4133,2013-12-27 04:20:00,0,-26.3556,152.6722,"QLD",4.3,NA,NA,NA
4134,2013-12-30 07:30:00,0,-26.5409,151.8394,"QLD",3,NA,NA,NA
4135,2013-12-30 07:15:00,0,-26.6709,152.0002,"QLD",2,NA,NA,NA
4136,2013-12-30 07:00:00,0,-26.9818,151.835,"QLD",4.3,NA,NA,NA
4137,2013-11-14,0,-27.6315,152.3939,"QLD",4.3,NA,NA,NA
4138,2013-11-14 04:30:00,0,-27.7168,150.3703,"QLD",2,NA,NA,NA
4139,2013-12-31 05:30:00,0,-26.5409,151.8394,"QLD",2.4,NA,NA,NA
4140,2013-12-31 05:20:00,0,-26.6904,151.655,"QLD",4.3,NA,NA,NA
4141,2013-12-31 07:35:00,0,-27.6609,151.9039,"QLD",4.3,NA,NA,NA
4142,2013-12-31 07:50:00,0,-27.6609,151.9039,"QLD",2.4,NA,NA,NA
4143,2014-01-22 05:00:00,0,-27.7462,152.6666,"QLD",4,NA,NA,NA
4144,2014-01-22 06:30:00,0,-28.6548,151.935,"QLD",3,NA,NA,NA
4145,2015-07-11 23:05:00,0,-33.7484,150.7512,"NSW",2.4,NA,NA,NA
4146,2016-11-07 04:40:00,0,-28.3317,153.3845,"NSW",2,NA,NA,NA
4147,2015-10-12 04:30:00,0,-31.5984,152.4678,"NSW",2.5,NA,NA,NA
4148,2015-11-07 04:40:00,0,-28.3317,153.3845,"NSW",2,NA,NA,NA
4149,2015-11-13 05:00:00,0,-33.5151,151.2984,"NSW",4,NA,NA,NA
4150,2015-11-13 08:15:00,0,-32.5651,151.1678,"NSW",3.5,NA,NA,NA
4151,2015-11-22 06:50:00,0,-29.3151,151.0845,"NSW",3.2,NA,NA,NA
4152,2015-11-23 04:20:00,0,-29.4401,153.3595,"NSW",3.2,NA,NA,NA
4153,2015-11-23 04:30:00,0,-29.0817,152.9511,"NSW",4.3,NA,NA,NA
4154,2015-11-23 07:10:00,0,-28.8317,153.4345,"NSW",4.3,NA,NA,NA
4155,2015-11-23 07:30:00,0,-28.854,152.5164,"NSW",4,NA,NA,NA
4156,2015-11-29 02:58:00,0,-30.4484,152.9011,"NSW",4.5,NA,NA,NA
4157,2015-11-29 05:28:00,0,-28.8151,153.2845,"NSW",4,NA,NA,NA
4158,2015-11-29 05:30:00,0,-28.9317,153.1678,"NSW",5,NA,NA,NA
4159,2015-12-01 04:50:00,0,-29.0817,152.9511,"NSW",3,NA,NA,NA
4160,2015-12-09 04:40:00,0,-31.0817,152.8345,"NSW",2,NA,NA,NA
4161,2015-12-09 07:30:00,0,-30.3817,153.0511,"NSW",2,NA,NA,NA
4162,2015-12-09 09:45:00,0,-33.7484,151.2012,"NSW",2,NA,NA,NA
4163,2015-12-15 23:25:00,0,-34.0484,151.1512,"NSW",6,NA,NA,NA
4164,2015-11-03 04:10:00,0,-25.2087,133.2536,"NT",0,NA,NA,NA
4165,2015-11-14 05:36:00,0,-14.4478,132.2747,"NT",1,NA,NA,NA
4166,2015-11-14 05:36:00,0,-14.4478,132.2747,"NT",1,NA,NA,NA
4167,2015-12-16 02:00:00,20,-33.6317,150.2846,"NSW",3,NA,NA,NA
4168,2016-01-12 04:42:00,0,-29.9317,152.7178,"NSW",2,NA,NA,NA
4169,2015-10-12 03:09:00,20,-34.0567,150.6929,"NSW",2,NA,NA,NA
4170,2015-11-29 03:00:00,0,-30.4484,152.9011,"NSW",7,NA,NA,NA
4171,2015-11-29 05:00:00,0,-28.7317,153.4011,"NSW",3,NA,NA,NA
4172,2016-01-25 08:30:00,0,-35.4167,149.1,"NSW",4.3,NA,NA,NA
4173,2016-01-29 11:28:00,48,-33.9651,150.8929,"NSW",2,NA,NA,NA
4174,2016-01-30 05:45:00,0,-33.7151,151.2346,"NSW",2.5,NA,NA,NA
4175,2016-02-11 06:00:00,0,-35.3576,149.2332,"NSW",4.3,NA,NA,NA
4176,2016-02-20 07:00:00,0,-34.0151,150.6846,"NSW",3,NA,NA,NA
4177,2016-03-03 06:35:00,0,-35.2484,149.4512,"NSW",3,NA,NA,NA
4178,2016-01-28 03:40:00,0,-41.6308,146.7,"TAS",5,NA,NA,NA
4179,2016-01-28 04:00:00,0,-41.6,147.12,"TAS",4.3,NA,NA,NA
4180,2010-12-12 15:00:00,0,-41.312,147.368,"TAS",2,NA,NA,NA
4181,2016-06-17 16:00:00,70,-23.6994,133.8807,"NT",4,NA,NA,NA
4182,2014-03-30 03:30:00,0,-26.6573,150.1897,"QLD",4.3,NA,NA,NA
4183,2014-04-06 04:00:00,0,-27.9915,152.6841,"QLD",3,NA,NA,NA
4184,2014-09-27 04:30:00,0,-27.8833,153.2833,"QLD",4.3,NA,NA,NA
4185,2014-09-27 07:00:00,0,-28.0195,153.1652,"QLD",3,NA,NA,NA
4186,2014-09-25 06:30:00,0,-27.5567,153.1011,"QLD",3,NA,NA,NA
4187,2014-10-28 05:00:00,0,-26.2851,152.9983,"QLD",4,NA,NA,NA
4188,2014-11-02 08:00:00,0,-25.2679,152.5552,"QLD",4.3,NA,NA,NA
4189,2014-11-06 07:30:00,0,-27.7465,153.0302,"QLD",4.3,NA,NA,NA
4190,2014-11-06 08:00:00,0,-27.9881,152.9958,"QLD",3,NA,NA,NA
4191,2014-11-18 05:40:00,0,-26.3184,151.8736,"QLD",4.3,NA,NA,NA
4192,2014-11-19 04:00:00,0,-27.4615,152.0561,"QLD",2.4,NA,NA,NA
4193,2014-11-21 10:09:00,0,-28.0356,151.9803,"QLD",2,NA,NA,NA
4194,2014-11-27 04:24:00,0,-28.0333,153.2833,"QLD",4.3,NA,NA,NA
4195,2014-11-27 06:12:00,0,-27.6651,153.1469,"QLD",3,NA,NA,NA
4196,2014-11-27 06:42:00,0,-27.4679,153.028,"QLD",7.2,NA,NA,NA
4197,2014-11-27 06:50:00,0,-27.4095,153.0122,"QLD",4.3,NA,NA,NA
4198,2014-12-05 04:30:00,0,-26.4018,146.2384,"QLD",2,NA,NA,NA
4199,2014-12-09 08:00:00,0,-27.5104,153.1125,"QLD",3,NA,NA,NA
4200,2014-12-09 08:00:00,0,-27.5067,153.0927,"QLD",2.4,NA,NA,NA
4201,2014-12-11 04:00:00,0,-28.9193,151.452,"QLD",4.3,NA,NA,NA
4202,2016-10-21 08:00:00,0,-33.1373,148.1747,"NSW",2,NA,NA,NA
4203,2016-10-21 08:00:00,0,-32.9,147.7,"NSW",0,NA,NA,NA
4204,2016-10-28 05:41:00,0,-32.2315,148.633,"NSW",2.4,NA,NA,NA
4205,2016-11-08 09:45:00,0,-29.8167,152.8833,"NSW",2.5,NA,NA,NA
4206,2016-11-11 08:00:00,0,-31.9539,141.4539,"NSW",5,NA,NA,NA
4207,2016-11-12 06:30:00,0,-30.3324,149.7812,"NSW",2,NA,NA,NA
4208,2016-11-28 03:30:00,0,-33.4876,150.8697,"NSW",3.2,NA,NA,NA
4209,2016-11-20 05:40:00,30,-33.42,149.58,"NSW",2,NA,NA,NA
4210,2016-12-01 05:00:00,0,-28.6254,153.0026,"NSW",5,NA,NA,NA
4211,2016-12-01 04:40:00,0,-28.682,152.8654,"NSW",4,NA,NA,NA
4212,2016-12-01 04:20:00,0,-30.0155,153.1855,"NSW",3.5,NA,NA,NA
4213,2016-12-03 04:30:00,0,-28.6254,153.0026,"NSW",4.3,NA,NA,NA
4214,2016-12-05 12:09:00,0,-30.113,153.1838,"NSW",3,NA,NA,NA
4215,2014-12-17 05:50:00,0,-26.595,152.7274,"QLD",2,NA,NA,NA
4216,2014-12-17 06:00:00,0,-26.3625,152.8563,"QLD",4.3,NA,NA,NA
4217,2014-12-17 06:00:00,0,-26.4167,152.9118,"QLD",7.2,NA,NA,NA
4218,2014-12-21 07:30:00,0,-28.5462,150.3097,"QLD",1.9,NA,NA,NA
4219,2014-12-06 09:00:00,0,-17.5226,146.0297,"QLD",0,NA,NA,NA
4220,2015-01-19 04:00:00,0,-16.8198,145.6369,"QLD",1.7,NA,NA,NA
4221,2015-01-20 06:00:00,0,-27.1814,151.266,"QLD",2,NA,NA,NA
4222,2015-01-26 06:00:00,0,-28.0123,151.5838,"QLD",5,NA,NA,NA
4223,2015-01-31 05:45:00,0,-27.81,152.6671,"QLD",2.5,NA,NA,NA
4224,2015-01-31 06:40:00,0,-27.5859,153.026,"QLD",6.7,NA,NA,NA
4225,2015-01-31 07:50:00,0,-27.4666,153.0583,"QLD",2,NA,NA,NA
4226,2015-02-27 05:00:00,0,-27.5592,151.9535,"QLD",2.9,NA,NA,NA
4227,2015-03-21 08:00:00,0,-26.7384,150.6283,"QLD",6.7,NA,NA,NA
4228,2015-03-21 08:00:00,0,-26.7384,150.6283,"QLD",12,NA,NA,NA
4229,2015-06-25 07:40:00,0,-23.8428,151.2555,"QLD",2,NA,NA,NA
4230,2015-08-25 08:00:00,0,-28.5166,150.3666,"QLD",2.5,NA,NA,NA
4231,2015-09-27 04:20:00,0,-27.4817,152.9899,"QLD",2.5,NA,NA,NA
4232,2015-09-27 04:15:00,0,-27.5039,152.9816,"QLD",4,NA,NA,NA
4234,2015-09-27 04:00:00,0,-27.5706,152.9871,"QLD",1.9,NA,NA,NA
4235,2015-09-30 07:30:00,0,-27.557,152.5455,"QLD",2,NA,NA,NA
4236,2015-10-23 09:30:00,0,-25.2364,152.2774,"QLD",2.4,NA,NA,NA
4237,2015-10-23 09:30:00,0,-24.4867,150.576,"QLD",2.4,NA,NA,NA
4238,2015-10-27 06:00:00,0,-27.64,152.5996,"QLD",3,NA,NA,NA
4239,2015-10-27 06:30:00,0,-27.4486,152.651,"QLD",5,NA,NA,NA
4240,2015-10-27 07:15:00,0,-27.197,152.8227,"QLD",7.2,NA,NA,NA
4241,2015-10-28 06:30:00,0,-26.7384,150.6283,"QLD",4.3,NA,NA,NA
4242,2015-10-29 10:30:00,0,-25.2098,152.0405,"QLD",2.5,NA,NA,NA
4243,2015-10-28 10:30:00,0,-25.2098,152.0405,"QLD",2.5,NA,NA,NA
4244,2015-11-06 07:30:00,0,-22.0017,148.0533,"QLD",3,NA,NA,NA
4245,2015-11-06 08:00:00,0,-26.8861,152.1371,"QLD",2.4,NA,NA,NA
4246,2015-11-09 07:00:00,0,-19.6,146.55,"QLD",0,NA,NA,NA
4247,2015-11-14 06:30:00,0,-28.0364,148.5797,"QLD",2,NA,NA,NA
4248,2015-11-14 06:30:00,0,-27.4634,151.9458,"QLD",2,NA,NA,NA
4249,2015-11-15 06:30:00,0,-19.8798,146.6338,"QLD",2,NA,NA,NA
4250,2015-11-15 06:30:00,0,-20.1309,148.1813,"QLD",2,NA,NA,NA
4251,2015-11-15 06:30:00,0,-24.9909,151.9557,"QLD",4,NA,NA,NA
4252,2015-11-15 05:30:00,0,-23.5759,148.8869,"QLD",4.3,NA,NA,NA
4253,2015-11-16 05:00:00,0,-22.5856,148.3508,"QLD",5,NA,NA,NA
4254,2015-11-16 06:00:00,0,-25.6403,149.7983,"QLD",2,NA,NA,NA
4255,2015-11-22 05:45:00,0,-28.4161,151.08,"QLD",4,NA,NA,NA
4256,2015-11-23 06:30:00,0,-28.6548,151.9349,"QLD",6.7,NA,NA,NA
4257,2015-11-23 08:00:00,0,-27.5592,151.9535,"QLD",0,NA,NA,NA
4258,2015-11-23 08:10:00,0,-27.6314,152.3938,"QLD",5,NA,NA,NA
4259,2015-11-24 05:00:00,0,-26.9431,152.5652,"QLD",3,NA,NA,NA
4260,2015-11-24 07:30:00,0,-27.577,152.2021,"QLD",3,NA,NA,NA
4261,2015-11-27 04:30:00,0,-26.5376,151.8382,"QLD",2,NA,NA,NA
4262,2015-11-27 04:30:00,0,-26.5376,151.8382,"QLD",5,NA,NA,NA
4263,2015-11-28 06:00:00,0,-27.4339,151.721,"QLD",6.7,NA,NA,NA
4264,2015-11-29 05:00:00,0,-27.2767,150.4572,"QLD",4.3,NA,NA,NA
4265,2015-11-29 05:00:00,0,-28.2153,152.0352,"QLD",4.3,NA,NA,NA
4266,2015-11-29 05:00:00,0,-28.0717,152.2399,"QLD",4.5,NA,NA,NA
4267,2015-11-29 07:30:00,0,-27.4678,153.028,"QLD",4.3,NA,NA,NA
4268,2015-11-30 08:00:00,0,-26.5409,151.8394,"QLD",4.3,NA,NA,NA
4269,2015-11-30 04:45:00,0,-26.8856,152.103,"QLD",4.3,NA,NA,NA
4270,2015-11-30 06:00:00,0,-27.2659,152.058,"QLD",4.3,NA,NA,NA
4271,2015-11-30 06:45:00,0,-27.8034,152.5885,"QLD",4.3,NA,NA,NA
4272,2015-11-07 06:20:00,0,-27.665,153.0594,"QLD",6.7,NA,NA,NA
4273,2015-12-11 07:30:00,0,-28.2153,152.0352,"QLD",2.5,NA,NA,NA
4274,2015-12-23 06:00:00,0,-28.6548,151.9349,"QLD",2.5,NA,NA,NA
4275,2016-02-01 06:30:00,0,-27.1833,152.9333,"QLD",2.1,NA,NA,NA
4276,2016-03-20 07:00:00,0,-27.2659,152.058,"QLD",4.3,NA,NA,NA
4277,2016-12-01 04:20:00,0,-28.6911,153.003,"NSW",7.5,NA,NA,NA
4278,2016-11-30 04:15:00,0,-29.3238,152.6506,"NSW",6.5,NA,NA,NA
4279,2016-10-16 17:30:00,0,-36.3752,146.4972,"VIC",4.2,NA,NA,NA
4280,2016-12-30,0,-37.7186,148.4501,"VIC",5,NA,NA,NA
4281,2017-02-17 02:15:00,0,-33.7258,150.4128,"NSW",2,NA,NA,NA
4282,2017-02-17 05:50:00,0,-33.6564,151.3137,"NSW",2,NA,NA,NA
4283,2017-02-18 04:07:00,0,-34.4792,150.4181,"NSW",4.3,NA,NA,NA
4284,2017-02-18 05:11:00,0,-33.722,151.085,"NSW",4.3,NA,NA,NA
4285,2017-02-18 05:13:00,0,-33.7245,151.097,"NSW",5,NA,NA,NA
4286,2017-02-18 05:10:00,7,-33.723,151.0706,"NSW",5,NA,NA,NA
4287,2017-02-18 05:24:00,0,-33.7456,151.1374,"NSW",4.3,NA,NA,NA
4288,2017-02-18 05:10:00,0,-33.7395,151.0733,"NSW",2.5,NA,NA,NA
4289,2017-02-18 04:50:00,0,-33.6525,150.941,"NSW",9,NA,NA,NA
4290,2017-02-18 05:00:00,0,-34.4317,150.8191,"NSW",4.3,NA,NA,NA
4291,2017-02-18 05:15:00,0,-33.7029,151.1003,"NSW",4,NA,NA,NA
4292,2017-02-24 03:12:00,0,-33.4827,150.157,"NSW",0,NA,NA,NA
4293,2017-03-13 01:40:00,0,-32.2315,148.633,"NSW",2,NA,NA,NA
4294,2017-03-13 03:15:00,0,-32.35,149.5333,"NSW",2,NA,NA,NA
4295,2017-02-18 05:00:00,25,-33.721,151.044,"NSW",5,NA,NA,NA
4296,2017-02-18 05:20:00,5,-33.7,151.106,"NSW",5,NA,NA,NA
4297,2017-05-05,0,-24.8679,152.3511,"QLD",3,NA,NA,NA
4298,2016-10-03 08:00:00,0,-27.5598,151.9508,"QLD",0,NA,NA,NA
4299,2016-10-28 04:10:00,10,-30.9651,151.3511,"NSW",2,NA,NA,NA
4300,2016-12-23 07:00:00,15,-30.9651,151.3511,"NSW",2,NA,NA,NA
4301,2016-11-11 05:17:00,48,-31.9652,141.4513,"NSW",4.6,NA,NA,NA
4302,2016-11-11 06:30:00,15,-31.9652,141.4513,"NSW",3,NA,NA,NA
4303,2017-08-24 05:40:00,0,-28.093,153.2883,"NSW",2.9,NA,NA,NA
4304,2017-08-24 05:25:00,15,-28.8817,153.3011,"NSW",4,NA,NA,NA
4305,2017-08-24 05:50:00,10,-28.7984,153.3845,"NSW",4,NA,NA,NA
4306,2016-01-25,0,-31.8788,116.7655,"WA",0,NA,NA,NA
4307,2016-03-19 06:30:00,0,-31.6692,116.0186,"WA",1.9,NA,NA,NA
4309,2017-10-22 07:20:00,0,-34.768,149.67,"NSW",2,NA,NA,NA
4310,2017-10-26 03:07:00,0,-31.84,152.6,"NSW",4,NA,NA,NA
4311,2017-10-26 05:00:00,15,-32.4374,151.5576,"NSW",5,NA,NA,NA
4312,2017-10-26 05:17:00,0,-32.914,151.758,"NSW",3,NA,NA,NA
4313,2017-10-26 05:00:00,0,-32.9051,151.723,"NSW",2,NA,NA,NA
4314,2017-10-26 07:30:00,0,-32.7384,152.1813,"NSW",4,NA,NA,NA
4315,2017-10-26 05:30:00,0,-32.028,152.5356,"NSW",4.3,NA,NA,NA
4316,2017-10-26 09:40:00,0,-33.7167,149.8667,"NSW",3.2,NA,NA,NA
4317,2017-10-26 05:15:00,0,-32.9135,151.7079,"NSW",4,NA,NA,NA
4318,2017-10-26 04:45:00,0,-32.408,151.75,"NSW",7.8,NA,NA,NA
4319,2017-11-05 02:10:00,0,-29.913,152.984,"NSW",4,NA,NA,NA
4320,2017-11-05 08:55:00,0,-28.994,153.282,"NSW",4.3,NA,NA,NA
4321,2017-11-06 04:10:00,0,-30.3324,149.7812,"NSW",4.3,NA,NA,NA
4322,2017-11-06 05:20:00,8,-30.5016,151.6662,"NSW",4,NA,NA,NA
4323,2017-11-06 05:20:00,10,-30.5016,151.6662,"NSW",3,NA,NA,NA
4324,2017-02-14 05:20:00,0,-30.4595,151.3553,"NSW",2.5,NA,NA,NA
4325,2017-11-17 02:00:00,60,-34.9706,149.0298,"NSW",4,NA,NA,NA
4326,2017-11-17 04:30:00,0,-35.1833,149.1333,"NSW",4.3,NA,NA,NA
4327,2017-12-09 02:45:00,0,-29.6817,152.9345,"NSW",7,NA,NA,NA
4328,2017-12-17 06:48:00,0,-33.7167,149.8667,"NSW",3.2,NA,NA,NA
4329,2017-12-25 04:18:00,0,-29.8651,151.2178,"NSW",3,NA,NA,NA
4330,2017-12-25 04:21:00,0,-29.7067,153.0178,"NSW",4,NA,NA,NA
4331,2017-12-26 06:30:00,0,-30.3817,150.6178,"NSW",4,NA,NA,NA
4332,2017-11-05 08:00:00,15,-28.7916,153.395,"NSW",4,NA,NA,NA
4333,2017-10-26 08:10:00,5,-28.7916,153.395,"NSW",3,NA,NA,NA
4334,2017-10-11 05:00:00,20,-28.504,152.431,"NSW",3,NA,NA,NA
4335,2017-12-06 02:14:00,13,-33.895,150.914,"NSW",2,NA,NA,NA
4336,2017-11-17 03:00:00,0,-33.5562,150.2611,"NSW",2.9,NA,NA,NA
4337,2017-12-09 02:41:00,15,-29.669,152.982,"NSW",5,NA,NA,NA
4338,2018-01-01 05:37:00,0,-31.0817,152.8345,"NSW",5.5,NA,NA,NA
4339,2018-01-01 06:34:00,0,-28.8317,153.5345,"NSW",4.2,NA,NA,NA
4340,2018-01-01 08:04:00,0,-28.9484,153.4678,"NSW",7.5,NA,NA,NA
4341,2018-01-02 04:58:00,0,-33.7317,150.4179,"NSW",4.2,NA,NA,NA
4342,2018-01-09 04:30:00,0,-35.1151,148.6679,"NSW",4.5,NA,NA,NA
4344,2018-02-16 07:00:00,0,-29.6817,152.9337,"NSW",2,NA,NA,NA
4345,2018-04-14 07:00:00,0,-32.5651,151.1511,"NSW",4.3,NA,NA,NA
4348,2016-04-08 23:00:00,120,-29.8206,115.2708,"WA",1,NA,NA,NA
4349,2016-04-10 15:24:00,0,-33.3539,116.1522,"WA",3.2,NA,NA,NA
4350,2016-04-19,0,-27.9203,120.6967,"WA",2.1,NA,NA,NA
4351,2018-10-10,3,-32.92,151.7,"NSW",2,NA,NA,NA
4352,2018-10-11 06:09:00,0,-28.9151,150.3845,"NSW",4.3,NA,NA,NA
4353,2018-10-18 05:18:00,0,-33.4182,151.4431,"NSW",4.3,NA,NA,NA
4354,2018-11-07 03:30:00,0,-31.2,152.85,"NSW",4.3,NA,NA,NA
4355,2018-11-17 04:43:00,0,-28.474,152.546,"NSW",5,NA,NA,NA
4356,2018-11-17 04:30:00,0,-29.6669,153,"NSW",4.3,NA,NA,NA
4357,2018-12-20 05:39:00,0,-33.8984,151.1596,"NSW",2,NA,NA,NA
4358,2018-12-20 05:51:00,0,-33.5067,151.1679,"NSW",5,NA,NA,NA
4359,2018-12-20 05:51:00,0,-33.3215,149.1312,"NSW",3.5,NA,NA,NA
4360,2018-12-20 06:14:00,0,-33.9567,151.0262,"NSW",5,NA,NA,NA
4361,2018-12-20 06:14:00,0,-33.6651,151.1179,"NSW",8,NA,NA,NA
4362,2018-12-20 06:15:00,0,-33.6317,151.3179,"NSW",2,NA,NA,NA
4363,2018-12-20 06:16:00,0,-33.4234,151.3761,"NSW",4,NA,NA,NA
4364,2018-12-20 06:31:00,0,-33.4234,151.3678,"NSW",4.3,NA,NA,NA
4365,2018-12-20 06:53:00,0,-33.5067,151.1679,"NSW",8,NA,NA,NA
4366,2018-12-20 06:45:00,0,-34.0651,151.0179,"NSW",4.5,NA,NA,NA
4367,2018-12-20 07:02:00,0,-33.6317,150.2846,"NSW",3,NA,NA,NA
4368,2018-12-20 07:06:00,0,-34.0817,151.0179,"NSW",5,NA,NA,NA
4369,2018-12-20 07:15:00,0,-33.8651,151.2179,"NSW",5,NA,NA,NA
4370,2018-12-20 07:19:00,0,-33.8901,151.2679,"NSW",5,NA,NA,NA
4371,2018-12-20 07:20:00,0,-33.8901,151.2179,"NSW",5,NA,NA,NA
4372,2018-12-20 07:40:00,0,-33.9234,151.1596,"NSW",4,NA,NA,NA
4373,2018-12-20 07:00:00,0,-33.8901,151.2346,"NSW",6.5,NA,NA,NA
4374,2018-12-20 07:10:00,0,-33.8901,150.9096,"NSW",6,NA,NA,NA
4375,2018-12-22 04:20:00,0,-28.9734,153.2595,"NSW",2.8,NA,NA,NA
4376,2018-12-22 05:15:00,0,-28.3151,153.4345,"NSW",2.8,NA,NA,NA
4377,2018-12-22 05:18:00,0,-28.2567,153.5761,"NSW",4.2,NA,NA,NA
4378,2019-01-11 02:00:00,0,-34.8651,148.8679,"NSW",4,NA,NA,NA
4379,2019-01-11 04:00:00,0,-35.3333,149.05,"NSW",4.2,NA,NA,NA
4380,2019-01-11 04:00:00,0,-35.336,149.053,"NSW",2,NA,NA,NA
4381,2019-01-11 02:51:00,0,-33.5817,150.2512,"NSW",4.5,NA,NA,NA
4382,2019-03-14 07:10:00,0,-33.71,150.926,"NSW",4.2,NA,NA,NA
4383,2019-03-14 07:30:00,0,-33.716,150.955,"NSW",4.2,NA,NA,NA
4384,2018-09-29 07:45:00,0,-28.383,153.567,"NSW",3.5,NA,NA,NA
4385,2017-11-24 04:15:00,0,-42.126,148.073,"TAS",2,NA,NA,NA
4386,2017-12-19 08:00:00,7,-41.163,147.51,"TAS",2.1,NA,NA,NA
4387,2018-03-03 06:30:00,0,-43.108,147.227,"TAS",3,NA,NA,NA
4388,2018-05-10 09:00:00,0,-43.148,147.841,"TAS",4,0,0,NA
4389,2018-12-08 08:00:00,0,-42.126,148.073,"TAS",0,NA,NA,NA
4390,2018-12-16 06:15:00,0,-42.7,147.252,"TAS",2,NA,NA,NA
4391,2021-10-19 03:45:00,0,-20.8359,148.6509,"QLD",16,NA,NA,NA
